Ulasan_Bersih;Labels;
halo selamat malam admin anime one piece episode kenapa mohon ditanggapi terima kasih;Netral;
rating seberapa login susah minta ampun mahal bayar kocak pantes sepi;Negatif;
payah dibuka percuma donload;Negatif;
good;Positif;
kualitas flim bagus sekali;Positif;
bagus;Positif;
sudah berhenti berlanggan masih saldo sya dikuras;Negatif;
assala alaikum terhormat satu satu sangat jelek begitu download coba daftar pakek gmail langsung arah gmail bayar sebagai warga indonesia kurang mampu ngapain buat sejelek sangat kecewa;Negatif;
login susah gilak padahal sandi ama salah valid;Netral;
seru drama;Netral;
streaming check oke wifi lancar video muter2 sudah selesai muter muncul2 video makin jelas apk;Negatif;
tambahin fitur tonton nanti min fitur daftar pantes cum buat film favorite film;Netral;
aneh tiba tiba saldo terpotong transaksi munuju berlanggan pernah pakai punya kenapa saldo terpotong tiba tiba aneh;Netral;
download jelas;Positif;
bagus;Positif;
cukup menarik kalau buk bayar sekali bayar;Positif;
jelek lebih bagus sebe tahu kah lebih suka sebe;Negatif;
tempat nonton paling favorit pokok;Netral;
lumay bagus walau masih film pengen nonton sudah bagus film film juga berkualitas;Netral;
kecewa sudah daftar sudah bayar malah log alas ganggu terus;Negatif;
sangat menyenang;Positif;
sudah berlanggan kualitas masih jelek eek;Negatif;
susah;Negatif;
juga download masuk sulit sekali harus kepake padahal nonton ribet uninstal;Negatif ;
buruk;Negatif;
very good;Positif;
jelek;Negatif ;
setiap nonton loading terus aneh;Netral;
terima kasih sangat mempermudah nonton drakor;Positif ;
pembayar oto debit shope menyusah ubah pembayar via shope manual;Netral;
gabisa nonton;Netral;
maksud kenapa pembayar langsung ambil uang dana tanpa minta verifikasi konfirmasi jga punya kebutuh lain belum bayar kalau blum terpenuhi kebutuh lain kurang ajar memang kau;Negatif;
sudah bayar kalau nonton dihp ancur ngeglitch;Negatif ;
gabisa login pdhal gmail sama sandi;Netral;
login;;
login bayar masuk2 parah sitem;;
tambah banyak film sampai menjadi film baja gratis google;;
Nyesel daftar bayar film lengkap nipu;;
kenapa smart kebuka;Netral;
orang nonton dipersulit login saranin kalau pake apk lebih baik cari apk lain;Negatif;
bagus;Positif;
dikasih masuk gimana coba masa kasih;Netral;
sudah berhenti berlanggan uang rekening ambil orang sudah berhenti masih ngambil sudah kaya nyolong;Negatif;
susah sekali daftar harus membayar padahal nama sudah benar tetap;Negatif;
login gagal terus padahal utama sekarang masuk gara kesering login sia isi buang uang;;
donlod termasuk peraas;;
gambar brebek jelas percuma langgan padahal sudah support wifi gambar brebek kaya kaset kusut recommen;Negatif;
buat semua orang terpengaruh mungkin membuat bahagia kebanya indonesia rata rata semua tertarik mohon hapus agar orang nonton;Negatif ;
daftar sangat rumit bagus;Netral;
apa2n sudah isi langgan malah kluar sndiri jelas masuk;Negatif;
banyak agenda;;
parah padahal sudah berhenti berlanggan tiba tiba dana sedot secara otomatis padahal apk sudah hapus terpaksa download gara gara saldo potong otomatis heem;Negatif;
padahal sudah langgan saldo potong seenak kesel;Negatif;
eror;Negatif;
ribet;Negatif;
memutar film muncul kesalah e10 terus tab juga parah sudah bayar langgan langkah2 ribet hasil diputar film semua nyesel langgan;Negatif;
nyesel daftar bayar film lengkap nipu;Negatif;
kesel sama film bagus cut dilanjut season banyak malah kli liat rating orng nonton donk kalau rating bagus lanjutin berdasar quantity kadang season pertama cari applikasi lain pertama mending lanjut nonton disana;Netral;
coba semoga lancar;Netral;
ingin berhenti langgan gimana cara soal pernah merasa berlanggan tiba notice dana potong topup kasih tau cara berhenti berlanggan;Netral;
kaga jelas anj kaga login perbaiki developer;Negatif;
opsional;;
dubbing indonesia harus semua acara harus masa dubbing suara asli sama suara dubbing;Netral;
lol berlanggan malah potong saldo dana;Netral;
the best;Positif;
aneh donload2 padahal gratis;Netral;
subtitle aneh seperti langsung translate google mengguna bahasa baku aneh padahal berbayar subtitle sembarang jauh lebih bagus subtitle film baja perbaiki subtitle kali nyam menonton jika subtitle jelas;Negatif;
biasa bagus smakin kesini jelas bsa nonton harus bkin biasa nonton ribet tiap hari rumah nonton bsa bayar ngbisin lnggan dana kosongin kalau isi psti lngsung potong bakal uniinstal;Negatif;
gabisa masuk mohon diperbaiki;Negatif;
hati2x bnyak film isi non binary gender fluid aplagi film anak2x ngajarin gender;;
saldo gue kepotong cara berhenti gimana anj;Negatif;
sekedar sar agar lebih memperbanyak film terbaru bioskop agar pilih terbaik bagi para penikmat;Netral;
langgan batal saldo kembali;;
belum kebuka;;
seru;Positif;
berlanggan mending film jadul semua;;
kenapa harus berbayar kasih keringan agar ndak punya nonton buat hibur lihat ulas dibawah sampai kepotong kali nyesel download tadi sudah hapus ndak nonton film;Negatif;
jelek;Negatif;
aduh login kakak;;
pilih metode pembayar;;
bayar;;
the best;Positif;
padahal seingat ngak pernah pencet beli malah tiba beli langsung ilang dana ngak prosedur gimana langsung beli bingung tiba kebeli;Negatif;
kalau memang cara masuk pakai vocer tinggal bilang berjuang jam masuk ternyata pakai juga sekali bayar mampu uang dana kalau memang perlu lanju pendaptar sekali isi dana isi listrik malah abis diambil dana dasar apk ngotak sudah jelas makin otak lain kali kalau buat apk benar;Negatif;
bintang dulu;;
login;;
apk nonton film favorit;Positif;
sekarang lok hancur2 jelek seperti dulu wktu baru2 buka payah film lumay jadul masih buka awal bisa2 uda hapus download masih kebuka parah;;
kenapa mutet loading gilir padahal sudah berlanggan;Negatif;
film pun lama;;
engga komplit pengen cari film lama kaya the lord the ring the hobbit thor poko banyak hollywood engga;;
gimana cara daftar ;Netral;
kenapa nonton ajg gua sudah bayar;Negatif;
apk tolol gua sudah masuk juga ditemu padahal sudah gua masuki;Neagatif;
bagus nonton semua film bioskop tetapi bayar agak mahal;;
sebelum terimakasih;;
payah gambar kualitas dvdrip per berasa nonton baja;Negatif;
boboiboy the movie;;
sudah berlanggan nonton malah bayar;;
mending hari;;
maaf donlod kenapa harus bayar punya;;
belum juga sebul berlanggan malah masuk nonton disuruh padahal cukup malah jelas;Netral;
terbusuk pernah unduh masuk beranda banyak lang lang buang buang waktu emang busuk;Negatif;
putar film tab;;
babi tiap nonton selalu keluar sendiri pake laptop pake web juga masih selalu keluar sendiri rugi2 sudah langgan setahun lebih layanan busuk;Negatif;
sudah daftar pake komputer login daftar jelas;Positif;
login pdhal sudah langgan kenapa;Netral;
kualitas sampah;Negatif;
gimana min masuk login eror gimana;Negatif;
kenapa uninstal;;
lumay kalau lanjut pilih lain harus lanjutin sebelumnua;;
jelek padahal sudah bayar nonton loading terus kouta juga msih gabisa;Negatif;
knpa stuck itu2 film apa2 cari tak betul woy;;
lebih murah donk;Netral;
incorect terus pernah benerin;;
jelek;;
kenapa setel muter terus padahal sudah bayar tiap langgan;Negatif;
sudah dibeli login;;
masa isi apk netfli cum lingk buat masuk croom crom cum scrol kalau pencet balik apk ngasih ling sampe sedetik buat nonton rugi sudah berlanggan pengen uang balikin dasar apk guna;;
jelas;;
kek batal langgan ajah mesti masuk harus bayar sedang sudah langsung kepotong saldo dana jelas merugi orng;Negatif;
nonton hibur drama film horror video juga persen hoax;Netral;
kemahal;;
kurang ketika daftar melalui gmail masukin sandi benar bilang salah perbaiki bagus;Positif;
bagus bagus gta;Positif;
adain iqiyi masukinke bahasa korea iqiyi rese;;
pendaftar ribet;Negatif;
sampah login muter muter gabisa masuk disuruh masukin dimadukin ulang ulang terus sampah;Negatif;
capek nonton;Netral;
makin kesini neflix lag suara gambar video nge freeze gerak;Negatif;
login setengah mati;Netral;
film lengkap woe;Positif;
sudah putus anggota saldo rekening tetap terpotong;Negatif;
gabisa masuk pake nomor;Netral;
lemot;Negatif;
jelek sudah mah login pake gmail nomor telepon harus pake minta pasword dikasih ribet pake harus;Negatif;
bagus;Positif;
belum sebul berlanggan malah login aneh buang;;
lama2 males langgan karna setiap nonton delay padahal sinyal bagus sudah bayar juga;Negatif;
langgan laptop doank gilir loading;;
baik;Positif;
kalau nonton harus masuk daftar dulu daftar panjang proses sudah promosi proses saat sudah selesai disuruh masu sandi padahal awal belum disuruh buat sandi ganti sandi proses kaya awal terus puter puter belum masuk beri masu saat daftar masuk beri pilih google tinggal pilih selesai membuat orang menonton mungkin buk mengalami;Netral;
beberapa film ingin tonton seperti beberapa series umamusume anime sangat menyukai series namun terkadang kualitas pecah;Negatif;
bayar;;
kenapa tombol nonton;;
ribet amat login ribet;Negatif;
sudah berhenti langgan masih kepotong tau berlanggan secara otomatis sdah berhenti berlanggan depan kepotong otomatis hasil kepotong terus;Negatif;
keren wak;Positif;
the shitties ever sudah bayar preium paling mahal ternyata nyam nonton masa kecepat video maksimal terbiasa nonton speed kalau lelet buang waktu balik tempat download baja langsung cancel subcription terbuang percuma;Netral;
sudah dibayar nonton terus tagih setiap berhenti;;
apk korupsi;Negatif;
buat pembayar berlanggan susah ;Negatif;
keren;Positif;
asik nonton tiba2 eror buka;Negatif;
gembel eror;Negatif;
padahal sudah punya masukin malah login sudah berapa kali ganti sandi gmail sama minta sama malah daftar arahin kelink gmail link chrome harus berlanggan dulu baru masuk ribet nonton film kalau gmail sudah tersangkut apk kalau login langsung masuk walau non langgan mah kga;Netral;
masak nonton slalu gagal perbaiki mngecewa brhenti berlanggan;Negatif;
kenapa anime one piece lengkap kecewa top buat nonton agar malah lengkap sakit hati tau;Netral;
login susah;;
buka masi aman namun ketika ingin menonton loading terus padahal data kencang;Negatif;
sudah login sudah bayar juga masuk harus daftar ulang uang hilang jujur kecewa sama kira apk bagus ternyata salah sudah uninstal uang hilang padahal belum nonton sama sekali jujur kecewa;Negatif;
nonton harus make data make wifi download ketika putar harga berlanggan mahal tetapi sudai bobrok;Negatif;
halo pengguna masa sambung ganggu padahal sudah langgan perbarui;Negatif;
film sikit kali;;
sangat bagus sekali;Positif;
log out otomatis sewaktu diguna log kembali error;Negatif;
suka karna kpop demon hunter walau banyak;Netral;
lumayan tonton kalau online juga supaya bintang ful;Netral;
login padahal sudah buat malah detek gimana developer buat ngotak apl diguna kenapa promosi dasar developer;Negatif;
kualitas gambar atur langsung kaya dulu penurun kah;Negatif;
kebanya nyuruh bayar asuw baru juga downlod;;
kenapa login;;
mencoba melaku pembayar mengecek wallet diguna sete ternyata diguna shope pay saldo kurang otomatis gagal selang beberapa isi saldo notifikasi kalau pembayaran gagal sete mengguna saldo saldo potong sekitar berlanggan padahal pembayar sudah gagal kenapa masih terpotong;Netral;
jelek;;
loading sial;Negatif;
okey;;
login blom punya sudah login membuat juga ribet;;
mudah;Positif;
seru nonton disini kasi bintang buat banya movie horor suka;Positif;
udan masukin nomor satu juga sudah masukin masuk;;
kenapa berjal gabisa terus memuat padahal internet lancar;Negatif;
berguna;;
masih bingung cara buka keluar sendiri kebanya keluar sendiri;Netral;
driver;;
buruk bermanfaat penyedot kuota internet sumber virus;Negatif;
login;;
penuh film korea film serial film juga ganti ganti terus bertengger;Positif;
bug makin parah nonton keluar sendiri begitu terus ampe kesel;Negatif;
bagus jir;Positif;
donwload bre recomend login susah kek musang bermutu film lengkap hapus playstore admin dongok;Negatif;
baru daftar sudah langsung disuruh blom juga masuk menu sangat bintang;Netral;
bagus sekali suka;Positif;
daftar masuk sudah kata salah cek berulang kali salah ganti nomor telepon sudah salah;Netral;
rugi berlanggan minggu genap sebul error juga;Negatif;
belum 1bul sudah abis nonton her;;
saat ingin login malah keluar sudah kali bintang satu terima kasih;Negatif;
boros baterai padahal sudah pakai penghemat baterai;Negatif;
membuat susah;;
walau mendadak label leaving soon film drama anime;;
keren walau sudah banyak film drama anime mendadak hilang;Netral;
parah saldo dana tiba tiba kepotong tanpa notifikasi;;
terlalu banyak penipu;Negatif;
dibuka trial fre;;
bayar mahal kebanya semua film lama film baru sangat rekomendasi sebaik;;
sudah langgan ribet setting;;
belum pernah downoload mikir kids;;
langgan buat nonton film film tonton;;
suka film asli walau harus berbayar tetap suka nonton;Positif;
kenapa memutar terus;Netral;
bebas nonton banyak atur;;
lihat film selalu loading;Negatif;
min gimana gabisa nonton anjir;;
coba putar video suara gambar hitam;;
sangat buruk;Negatif;
jelas sya pogin menguna sandi sudah benar malah pake masuk sya perbaiki bintang stlah masuk dipermudah;;
nonton semua acara tiba tiba sudah uninstal sudah hapus data sama change ttep ajh kuota ful aman kecewa sama apk posisi nonton film komang;Negatif;
rizky indonesia bahasa indonesia setiap filem bahasa negara seperti tail pati bahasa indonesia buk translate bahasa buat bah indonesia;;
sudah berhenti langgan masih motong saldo ;Negatif;
sinyal bagus buka streaming lain lancar gilir buk malah;;
kenapa sudah bayar login;;
sungguh mengecewa;Negatif;
ribet login susah membuat pusing;Negatif;
bagus;Positif;
apk sudah dibayar play film padahal coba apk sebelh malah lancar hadeh rusak rusak;Negatif;
sinyal ful nonton;Netral;
hey bagaimana cara login padahal sudah memasuk alamat benar valid;Netral;
terima kasih telah membuat game suka game cum gaya main gta san andreas definitive edition game bagus sangat terima kasih senang;;
celeng celeng ndaftar ribet;;
mohon gratis perlu saldo perlu tambah biaya bayar terus;;
ganggu terus;;
film diputar;;
sudah memasu sandi benar masih salah masuk;;
sukses;Positif;
film bagus bagus;Positif;
for watching film2 kereen terbaik dunia but sejak awal juni film2 horror baru tayang kualitas jelek2 semua tambah segera film2 horror indonesia terbaru seperti labinak qodrat janur ireng penjagal iblis jal pulang pembantai dukun santet dendam malam kelam pengepung bukit duri gundik muslihat pamali tumbal;Positif;
film2 didonlot bahasa indonesia lgi kalau nonton langsung abiz upgrade;Netral;
baru tau kalau film lengkap tuju awal daftar agar n9nton gbsa tonton secara gratis malah gratis muncul jelek rekomended film dikit sar berlangg mending gausah nyesel gabakal nemu film;;
subtitle;;
aw234s awal can;;
sete download subtitle bahasa indonesia muncul harus streaming pdhal sebelum;;
bet stuck loading video padahal lancar;Negatif;
punya sar server mesir dimana masuk film indonesia pengen nonton norma mesir gaada masukin;;
sangat baik;Positif;
apk sampah masak login daftar harus bayar ameh kocak;Negatif;
sar film terbaru episode lebih baik tampil paling atas campur sudah lama ganti cover ikl;;
cal center buruk ramah saat kendala solution pokok hati2 ges kalau berlanggan hari kmudi dibatal pihak alas aktivitas mencuriga murka tiap diminta bukti aktivitas dimksd gamau ngasih jujur bingung aktivitas cum nonton berlanggan sesuai prosedur letak aktivitas alhasil dana sudah masuk kembali ges alias hangus bagus profesional sangat kecewa;;
nefflix goblok adu login susah daftar susah sakit jiwa mintak jantung hapus apk gogel playlstore buang buang waktu guna apk;Negatif;
pesulap merah official gta san andreas;;
daftar ribet sudah bayar langgan sudah download buffering play gmna;;
aneh kenapa selalu loading cara mengatasi bagaimana trims;Negatif;
buka gua sudah bayar asem kau nanti kalau sudah buka perbaiki rating kalau buka tetap kasih bintang awas hati apk penipu;Negatif;
saat masa;;
mending nonton steel bal run website baja daripada;Negatif;
film bagus;Positif;
daftar tau nonton hari bayar padahal tagih tanggal oktober malah tangguh;;
bagus gatau poko bintang;;
kenapa sete beberapa subtitle film drama download muncul biasa pernah terjadi subtitle hilang hilang bingung harus download ulang instal bantuan perbaiki;Netral;
mohon pihak membaca ulas para costumer disini juga ingin menyampai bahwa sudah hampir sekitar belakang saat ingin nonton putar sekali diputar gambar malah pecah seperti nonton resolusi jam bahula padahal rumah masa krna apk lain nonton jernih lancar pihak memperhati kepuas para costumer;Negatif;
paling parah padahal koneksi aman muter muter play nyesel pantes rating anjlok;Negatif;
susah sekali masuk;;
bagus;Positif;
apk kaga jelas;;
hallo sya bintang sete bug slesai menunggu lama sampai film bsa putar terputar pernah terjadi sebelum;;
dibuka;;
bang kenapa tiba keluar padahal batas waktu belum abis bulanan kecewa masuk padahal belum waktu abis gimana perbaiki;Negatif;
kenapa selalu memuat setiap film putar padahal kouta banyak her;;
saat menonton selalu terganggu wifi padahal wifi jaringan bagus;Netral;
masuk sudah ngulang ngulang tetap;;
bosok;;
buat susah tadi kalau permuka masuk apk kalau gini gimana kasih reting gede kalau masuk apk susah kaya gini inget perbaiki woy;Negatif;
terjadi kesalah saat mutar video mending hbo max;Negatif;
main ngundur undurin jadwal rilis dada kira beli dipikir beli tanggal film malah tiba tiba diundur k0cak kocak fakyu;Negatif;
jaringan bagus buat buka laen buka pengen nonton muter;Negatif;
daftar susah kalau masa apk dikasih tau membuat kesel;;
kenapa kalau jeda nonton lanjutin memuat anj keluar masuk sama;;
berguna;Positif;
berbayar film lengkap;Positif;
baru kali minta kata sandi;Netral;
sang membantu;Positif;
daftar ribet;Negatif;
saldo kluar padahal instal;;
sign membuat allah nauzubil apk something went wrong terus babi membuat apk kagak guna;Negatif;
terlalu banyak masa;;
maaf membuat ajah bayar;;
masuk indo pake kartu indo sama kyak luar;;
jelas sudah langgan tiba2 transaksi langgan otomatis semua sudah nonaktif beda lebih mahal tadi pernah langan terpaksa donlot hapus langan nyusahin;Negatif;
apk burik login nyet;;
enak hati ngambil dana orang;;
loading2 terus ajg;;
karyaw becus gimana login dipersulit seperti memati bisnis sendiri tiru batas jum device sistem login disney kalau winwin her digaji mahal malah bodoh orang2 najis hasil kerja kali;;
jelek kali koneksi kalau nonton wifi sekarang padahal nonton wifi aman;Negatif;
bagus;;
simple keren;Positif;
hari ultah waktu;;
daftar ribet suka error bayar padahal;Negatif;
masak film belum update2 dulu layarkaca dsri bad apl;;
ribet;Negatif;
terjadi masa saat memutar video coba semua film ;;
mentang mentang sudah banyak user langgan advice users dengerin buat lihat sampaiin atas lalai dulu sebelum besar juga banyak user bantuin jal bantuin naik ibarat gini kali sudah lari sendiri malah lupa sama ngajarin jal kaki;;
masa sudah pernah daftar pake login malah kata menemu valid padah sejak dlu pake masuk buat baru gimana kalau sudah langgan keluar login susah sia song banyak ulas merasa dirugi kasus sama login padahal sudah beli langgan seperti penipu;;
mohon isi suara indonesia soal film banyak gada suara indonesia;Netral;
suka;Positif;
mohon video sudah lama pernah tayang hapus masu video2 baru tayang agar makin rame minat;;
bagus beluk login;;
mangkin lama penagiha makin dekat tanggal tanggal kalau keluar keluar sendiri licik kelen baru bayar tanggal tanggal suru bayar licik otak kelen filim baru dasar binatang;Negatif;
siapa dapat melihat nama;;
sayang log;;
ribet imeil benar sandi benar tetap salah kalau buat bagus abal abal asal;;
jelas tiba masuk;;
terima kasih terbaik;Positif;
login pun susah;Negatif;
cara daftar ribet;;
bug play streaming handphone hanya keluar animasi loading padahal lancar;;
buffer terus padahal pake youtube lancar;;
kepada terhormat flim baru subtitle juga semua bahasa indonesia;Netral;
bagus kurang lengkap menurut selain film terbaru kurang lengkap nonton film bollywood pun terbatas buatin film bollywood lengkap sesuai tahun agar milih sesuai selera;Positif;
tingkat sandi google benar buat jak;;
sangat suka namun ingin jika anda menambah movie demon slayer terbaru secepat;Netral;
cara daftar harus bayar ribet;;
kikir ajg game;;
peringat terjebak download anda diminta daftar membayar tanpa mengecek film ingin anda tonton terlebih dahulu bagaimana jika sudah bayar biaya film lama ingin tonton ternyata;;
sangat bagus film film lengkap seru kasih bintang;Positif;
sangat bagus;Positif;
bayar buat nonton film gratis teragogo;;
good;;
download cum nonton jojo hehe;;
memutar video;;
ratting sekarang brarti bagus sudah berlanggan rugi film baru ditambah kira film baru ternyata film sudah basi layak ditonton karna kwalitas juga sudah buram pokok film jadul rugi berlanggan baru sekarang makin rusuh game cellular dimasuk membuat berat sumpah nyesel memperpanjang langgan berlanggan uninstal baik;;
kenapa kalau selalu metode pembayar selalu ubah kalau telat langgan minggu;;
suka menarik tagih sesuka hati;;
baru download sudah bayar mutar video;;
apk sangat jelek sudah benar memasuki sandi gabisa membuat kesel asli jelek;;
knpa kebuka;;
berlanggan gada uang cuy hehe;;
terima kasih;;
berlanggan netfix kenapa dibuka tulisan perangkat buk bagi rumah coba dibenerin gimana cara;;
log out gimana cara;;
turun harga;;
sudah bayar saldo kepotong terdaftar;;
sudah bayar masuk tolol;;
cukup;;
bagus;;
masuk susah;;
overal oke baik kemudah pengguna tampilan fitur fitur menonton hanya variasi film kurang lengkap cenderung kurang film film bagus mingguan juga sedikit;Positif;
sangat membantu;;
kenapa menonton mengguna wifi padah sebelum;;
rusak nge bug masa tiap nonton suka black screen kalau black screen video nge stuck suara;;
kalau bnykin anime;;
kekurang sinopsis film terlalu sederhana menarik terlalu menampil film rating imdb rendah beranda film rating tinggi justru pendam opsi langgan hanya bualan sekali kalau buat lebih murah dikit lebih bagus sar buat fitur membuat rating usia sendiri misal ketelanjang kekeras bahasa vulgar bahasa kasar downloader bermasa;;
ganggu;;
telah daftar pembayar mengguna shopeepay saldo shopeepay sudah terpotong tetapi tetap diguna tulis lanjut pendaftar pihak sudah hubungi tetapi jawab menyelesai masa kata masa otorisasi sedang pihak shope menginfo bahwa saldo tersebut sudah sukses berhasil terkirim pihak malah menyuruh membatal pembayar shopeepay sedang pembayar sudah sukses;;
hadeh langgan mahal mahal gambar video malah;;
bagus;;
bagus sekedar sar kalau rilis film bioskop cepet soal kasih sudah terlanjur beli vip malah film ditunggu tunggu belum masuk;Positif;
suka menonton hangat film;Positif;
jelas sudah daftar bayar masuk bayar otomatis;;
loading teros;;
eror akhir2 kalau buk krena film lgi going ogah gmna perbai min eror;;
nge lag mlu;;
sudah top malah nonton vidio kaset rusak macet layak segera perbaiki lama;;
tolol kata mudah persulit;;
masuk mengguna entah penyebab;;
memuat padahal sinyal;;
bagus terus biasa kpop demon hunters terbuat lihat foto foto orang ternyata sebuah film kpop demon hunters nonton film mending nonton rupa film bioskop nonton situ bagus nyo;Positif;
apk susah login kalau gue kasih bintang;;
bagus;;
login padahal sudah reset katasandi masih sama gabisa;;
loading;;
jelas;;
ribet membuat nyusahin orang lewat apk kah stres;;
semua daftar valid jelas pake;;
bagus pembayar otomatis cukup membuat terhambat ketika top;;
nonton ribet anjir harus daftar;;
terima kasih sungguh memuaskan;Positif;
good;;
padahal sebelum pernah samsek pake vpn kenapa peringat anda mengguna vpn gapake sama sekali sudah tes hasil sama alhasil harus uninstal abistu reinstal resolusi ngedrop padahal bagus;;
sebenr sangat bagus bila nonton laptop kualitas video sangat bagus bila nonton sangat gelap kenapa her sudah diperbarui gelap gulita video;;
sebelum masa baru ketika play video selalu buffering sama sekali putar normal sudah hapus chace sampai tetap buffering pakai kuota tetap buffering putar sama sekali;;
logi susah;;
sudah langgan putar balikin dana nyesel berlanggan jelek;;
bagus;;
susah daftar;Positif;
buat batal langgana jauh lebih mudah sudah membatal langgan lalu masih ditagih dana konfirmasi tiba tiba saldo hilang;;
seru;Positif;
film kurang lengkap film terbaru banyak gada;;
film diadaptasi oleh banyak bagus sendiri sangat sampah butuh satu fitur sangat sangat bermanfaat bagi banyak orang yakin pihak membuat fitur waktu jam dual subtitle kembali memberi bintang sete fitur tersebut dirilis;Positif;
kenapa hilang sudah langgan login;;
sudah daftar bayar 65ribu pake saldo shoppepay abis coba masuk disuruh selesai pendaftar terus padahal saldo shoppepay sudah terpotong trnyata baca ulas banyak kaya nyesel tdi asal bayar;;
duh yak gasi dikit scene kepotong dikit animasi gerak ngelag dikit dikit ribeh bah stiap kli terjadi harus kluar mlulu kesel kali loj sinyal bjir;;
yahudi terlalu kikir;;
rusak hypejojo rilis perbatch;;
bagus;;
keterang maaf atas ketidaknyamana kesalah pemutar coba judul lain judul keterang sama lebih langgan otomatis kepotong via dana padahal pernah tonton sekarang malah keluar terus padahal cum parah mulai hari stegah jam kebelakang baru kepotong langgan unreg berlanggan macam dinikmatin;;
load video bug perbaiki;;
sudah daptar masuk masuk harus daptar ulang;;
apk daftar susah lugin susah isi langgan sudah serba;;
sudah bagus awal langgan seneng terus coba coba cari film sherlock holmes seharus kalau sudah langgan gini nikmatin rada nyesel juga soal film tonton akhir nonton tempat lain harap segera tingkat film sudah sabar liat agar nyesel juga;;
;;
loding terus;;
movie;;
mohon maaf kali langgan kenapa tiba tiba memotong pembayar secara otomatis hanya pernah berlanggan sekali beli tiba tiba memotong tanpa konfirmasi playstore pun informasi langgan terkait langgan kenapa kali pihak secara sepihak melaku pembayar secara otomatis pembayar ovo harus menulis keluh konsumen website;;
apk sampah;;
cinta;;
nonton video film asik;;
konfirmasi;;
sekarang kemahal film juga kurang lengkap;;
berlanggan malah gabisa dibuka kacau;;
daftar ribet;;
kenapa loading sekarang jelek muter2 bjir membuat emosi;;
widih download game gta sekali;;
saat menonton kadang kualitas resolusi video berubah ubah sehingga pengalam menonton terasa kurang nyam sangat membantu jika fitur kontrol resolusi agar pengguna menyesuai sesuai kebutuh kondisi terima kasih;;
kepotong jelas;;
menyampai keluh response sampai sini saat memutar film terdapat garis garis ujung layar sudah mencoba restart instal apk netflik pembersih memori namun masa masih terjadi;;
anime akame kil want watch;;
tolol kaga jelas muter lancar;;
film kurang lengkap masa iya kalah link situs baja;;
sekarang jelek bermasa;;
login sudah ulang berkali kali;;
kenapa akses kalau aman;;
aok sampah ribet taik;;
yapapma yaokma that temanyenh;;
sudah bayar langgan dibul pertama lancar sekali dua ketika login tulisan hanya;;
tiba tiba saldo kepotong secara otomaris masuk sadar sete mengaju pembatal keanggota namun uang kunjung kembali hingga sekarang sedih uang darurat;;
kenapa kenapa hati hati rating terus turun banyak pesaing nanti masuk;;
seru minus dikeluarin asik asik nonton kata karna nonton film banyak;;
ribet apansi tempat orang penipu tiba tiba abis kirim tiba tiba nelpon her seribet masuk padahal film selengkap diperbaiki;;
kasih bintang dulu suka memuat nonton;;
developer pelit masa daftar harus bayar;;
cacat;;
gimana nonton selalu loading setiap film film sudah download tonton baru top segera perbaiki kasih solusi bagaimana cara mengatasi terimakasih;;
mantul;Positif;
sudah berlanggan malah gabisa masuk terus;;
good;;
guna;;
halo semoga membaca mengapa memberi bintang merasa kecewa langsung memotong uang terdapar applikasi dana uang otomatis terpotong tanpa persetuju belum mengkonfirmasi tetapi pihak langsung memotong uang membayar langgan padahal belum menyetujui meminta maaf apabila salah kata hanya meminta uang kembali terimakasih mario;;
sudah berhenti langgan tetap potong saldo gimana berguna berhenti langgan;;
nonton daftar ribet kek;;
jlek;;
kata sandi salah terus;;
film kebanya sesuai harap cari tersedia bayar mahal film biasa biasa;Positif;
trailer sesuai film perbaiki;Positif;
good;;
sudah mahal terus sudah berbagi bareng keluarga;;
daftar;;
ingin berta kenapa film pop demon hunter rilis youtube kalau film rilis youtube karna inggin sekali nonton;;
saldo dana langsung potong tanpa pemberitahu padahal sudah uninstal instal pake;;
masuk ribet minta susah reset susah apk;;
emang rekomendasi buat nonton;;
sekarang sudah gabisa berbagi walu langgan ultra kecewa jujur sama baru perpanjang terakhir langgan;;
kenapa login mail bner coba buat login disney masuk kenapa apk aneh kerja bner;;
semoga;;
pembayar sudah setop tiba bayar sendiri;;
sangat buruk;;
sudah bayar malah terus terus daftar bayar padahal sudah jelas jelas sudah bayar slado rekening kuga sudah potong sama begitu masuk malah bauar aneh;;
kenapa pembayar ribet kenapa bikim simple pembayar lewat mbanking langgan bayar susah;;
halo bingung lapor siapa beli hanya dipakai satu device terhubung hanya rumah aneh nonton pakai padahal gaada pakai sama sekali rumah kenapa gampang kebobol diperbaiki;;
ngeleg tiap nonton;;
aneh terkenal dipakai orang daftar super ribet normal membuat sandi selesai masih verifikasi berkali2 log;;
kenapa login min bantuan error gimana sudah berlanggan sama digunain karna login kenapa mohon konfirmasi min;;
log;;
semalam nonton eror dibuat salah mohon bantuan;;
alhamdulil film bagus2;Positif;
oke film kurang lengkap entah tayang hanya sedikit banyak film bagus tampil;;
terima kasih;;
diperbaiki gabisa muter vidio;;
suka susah;;
film lengkap mahal;;
coba daftar;;
harus bayar bagaimana jika orang mampu harus bayar orang lain juga nonton lain;;
daftar persulit;;
kenapa berbayar semua dunia milik allah;;
selama mengguna sudah bayar tetapi saat ingin menonton kenapa selalu buffering benci;;
log out terus makin jelek;;
buset baru daptar sudah kehilang saldo pertama akhir bayar rugi kalau terus;;
pemaksa jelasin secara gamblang kalau melain lewat gmail;;
dapat memutar film infinix pro sudah coba berbagai tetapi tetap bodoh kali;;
sangat jelek susah masuk tadi masuk masuk sampe sekarang;;
sinyal lancar internet lancar ngestuck lobby gabisa dipake buat nonton padahal pembayar lancar;;
semakin buruk harus peningkat film layan;;
payah sudah berlanggan satu tahun episode gabisa tonton drama the fiery priest;;
ternyata sudah aktif sekarang sudah beli pake melalui telkomsel kendala login tiap login alih jenis berlanggan padahal sudah beli;;
nonton banyak orang login;;
masa masuk sandi salah terus padahal sudah;;
keren;Positif;
salamun alaikum bimashobartum sisi allah;;
kenapa akhir flem sakamoto days cari padahal sebelum;;
film tampil sangat bagus kecewa hasil penelusur banyak film cari;;
terlalu ribet login padahal sudah bayar malah balik halam sebelum sudah coba sama;;
terus sudah bayar buka lewat box payah kalau lawas lawas semua pelangg anggota mempunyai perangkat box terbaru berpikir lebih jauh sudah bayar buka box parah;;
bagus;Positif;
sangat bagus hibur semua orang;Positif;
keren;Positif;
daftar susah;;
membayar langgan pakai gopay saldo gopay sudah terpotong login dikasih link disuruh bayar pembayar ganti shope pay akhir login masalah saldo digopay sudah terpotong dikembali pihak gopay sudah membayar disaran gopay buat membatal pembayar dihubungi hanya chat membantu sama sekali membayar hingga melalui saldo gopay saldo shopeepay;;
sudah bayar nonton burik;;
sudah registrasi tetap streaming film sudah ubah tetap mohon bagi registrasi dipermudah;;
benerin error gabisa ditonton padahal sinyal lancar;;
login susah kali;;
gabisa login;;
gimana sandi tulisan salah jelek sudah coba berulang kali juga salah nama nonton terbesar banyak bug kocak;;
masuk buat kecewa;;
aelah apklikasi gue diambil gbisa msuk hrus daftar sebelum sudah daftar sudah bukti transaksi malah gbida msuk anjir apk gaje hati kali semua jeba;;
ingin memati langgan pembayar shoppy ingin mengubah langgan data seluler diubah pembayar sudah mencoba tuk seki lama harap bantu langgan terima kasih;;
cocok nonton sini;Positif;
sangat susah mendaftar pusing bulak balik crome selesai selesai malah balik awal sar buat susah buat login pindah apk sebe iqiyi viu atw wetv lebih bagus;;
sorry mulai awal pendaftar sistem buruk mempersulit bukan mempermudah harus dibiar login dulu sampe selesai kalau sudah login nonton baru bayar mah masuk belum belum tau dalem sudah kena tagih kalau sudah bayar kegagal login gmna film film dikehendaki ternyata engga tersedia baik gimana rugi sudah bayar;;
very good;Positif;
pke suara asli ters dikasih translate dibawah dubbing jelek merusak film;;
neflix bagus film film suka tonton hampir smua neflix standar kualitas juga bagus jernih;Positif;
login sandi salah terus padahal sudah;;
amit amit buka masuk login wajib berlanggan berlanggan login daya buat ngecek film aneh;;
konfirmasi pembayar langsung potong saldo parah sekali;;
dapat menonton download;Positif;
langgan makin lama pelayan makin buruk;;
langgan nonton wednesday pencari pun kenapa;;
bagus;Positif;
padahal baru bayar ribu nonton pake perangkat malah kebanyakn perangkat malah taikin harga cum min min gimana upgrade malah naik harga kecewa;;
baru bayar tadi siang kenapa masuk perbaiki;;
film payah;;
berlanggan tiba kepotong perminta refund juga tolak apk sebe minta refund masih;;
film tiba tiba hilang bilang pakai proxy vpn film tonton better cal saul hilang terus film harus restart logout login hapus terus download ulang hapus data cache kadang berhasil juga kesel nonton sudah bayar ribet gini habis series auto berhenti berlanggan mencari jawab permasalah juga bingung kemana solusi;;
mantabs;;
dipake device padahal sudah log out smua sama;;
jelek;;
terlalu ribet daftar;;
apk elite login sulit login ribet kek ngurus surat tanah;;
bet muter muter sudah bayar masi ribet ribet kecewa afk muter muter ganti ulang sandi sudah ganti ttep ganti kirim link baru beberapa menit lalu pencet sudah kedaluarsa minta kirim kedaluarsa gimana pusing;;
tiba mendownload padahal bagus memori juga bnyak biasa sangat lancar tiba dowload sudah hapus download kembali berulang kali sudah restart memasti wifi aman juga sudah ntah salah mohon bantu sesama costumer lebih paham terimakasih sebelum;;
pelayan buruk dapat membantu sama sekali;;
tiba suka berubah grafik low padahal sudah bayar sar film lama tayang;;
bayar lewat mytelkomsel standar hanya beri dasar perangkat;;
good nice;Positif;
gua diambil netplik;;
sebul play film gabisa loading terus juga kenceng;;
video sexy gan penting berasal tak lama sete sexy paling penting sebuah perusaha swasta indonesia ensiklopedia sama cara lain;;
gabisa login jir;;
ribet buat login;;
sudah bayar sudah bayar kenapa gbsa ditonton video nyesal bayar balikin fiture lama nonton video selalu eror layar hitam hapus apk biae banyak orang orang dowload buang buang uuang;;
dafar gmana;;
loading;;
buat gatau berbayar berlanggan;;
sandi sudah salah gabisa masuk;;
error loading;;
uda beli langgan masuk selalu gabisa sandi uda beli langgan amit;;
film tonton ketika berhenti lalu ingin lanjut suka menghilang;;
maaf kenapa daftar putar tonton tetiba ilang beranda buka perbul bayar;;
gimana login padahal sama sandi sudah malah;;
eror;;
kalau niat nayangin animasi mending usah tayangin satu series isi eps tayangin 20eps mahal lengkap pula vinland saga fruits basket dua series eps per season lengkap;;
serius awal daftar langsung berlanggan gile pemaksa;;
siap;;
terburuk mengapa kali menyemat fitur kualitas vidio tanpa perlu memandang perangkat keras lunak;;
tambah film horor indonesia;;
masuk padahal sandi jelas apk download;;
jelek sudah bayar masuk kau balikin kalau dipake;;
padahal nonton sendiri pake sendiri profil masa keterangan terlalu banyak perangkat menonton saat;;
bug anjaay tiap play video muter muter wifie kenceng sudah hari play video muter muter benerin dulu bug;;
jelek anj apk;;
pelayan customer service super duper cepat saldo shopepay sempet terpotong gara padahal sudah nonaktif waktu chat langsung respon uang kembali terima kasih banyak;;
putar vidio padahal sudah bayar gimna perbaiki;;
apk gaje gabisa login padahal sandi sudah;;
sudah daftar sudah punya sudah bayar nontkn film muter sampe setengah jam padahal oke kuota aman;;
masuk membuat juga jelas;;
login susah amat;;
apk bagus kasih kecepat vidio sampai kalau sudah ntar kasih bintang;Positif;
sudah batal langgan kenapa tetap terpotong saldo secara otomatis;;
recommended apk;Positif;
terjadi masa saat memutar video sudah dicoba berbagai cara kadang lancar kadang kalau gini terus mending stop berlanggan;;
notgood;;
bagus suka nonton drama;Positif;
buat nonton muter padahal sudah ganti pakai wifi tetap zonk;;
sudah bayar gabisa nonton keterang pembayar tunda sudah jelas sudah bayar;;
apk niat ajg dri tdi kesalah hapus apk dri play store nyusahin gblok login kya lewatin jembat siratal mustakim kntol;;
kenapa disamsung a06 gabisa putar film;;
masuk netfix padahal sudah memasuk masuk juga;;
aman buka lain lancar neflix buka film malah muter;;
bagus;Positif;
bagus;Positif;
daftar kurang lebih lalu abis login sampe sekarang september login selama 3bul saldo otomatis kepotong hampir 200ribu njir jelas mending bagi download dipikir pikir kecewa login kepotong otomatis saldo;;
sebenar bagus banyak film dubing mempermudah semua lancar lancar walau ketika coba log masuk terlihat sandi salah padahal benar restart terus kalau benar masuk mending pakai ganti kata sandi rada ribet juga film terlalu lengkap bagus keren lumayan semoga perbarui memperbaiki bug perbanyak film;Positif;
bagus jir minus spongebob merasa kurang gapapa penting spongebob hore like spongebob lain kali adain doraemon series movie doraemon dub indo ngerti bahasa jepang soal;Positif;
susah login;;
knpa buka padahal prangkat terhubung aneh semenjak perbarui malah muncul notifikasi terlalu banyak perangkat;;
pembayar ubah shope pay dana tetap potong shope pay bayar doble;;
stuck loading walau sudah didownload tetap terputar hapus data relog bah download ulang tetap sama;;
baru coba sudah payment vidio gabisa play muter muter loading kecewa;;
orang bayar ribet gabisa padahal tinggal potong saldo ribet minta ampun nol;;
baru memperpanjang keanggota saldo sudah kepotong masih belum kata pembayar tertunda;;
aneh jelas beli masih tetap kualitas jelek;;
jujur kecewa karna beberapa series seperti tawog hanya musim sedang asli membuat penonton menjadi tergantung beberapa seri juga sudah dihilang seperti family guy overral film lumay lengkap;;
sudah melaku pembayar tulis pembayar belum setujui gimana;;
ribet masukin slah mlu apk rusak;;
leg bug soal login muter terus tak tungguin sampe ketidur bangun masih muter kocak;;
bayar cum buat liat loading;;
sudah minggu nonton loading terus menerus kualitas gambar pecah sudah download ulang pun masih begitu cape berasa rugi;;
kualitas oke gada kecepat juga kebanya film tonton gada kualitas sudah berlanggan malah dikasi kualitas minim burem;;
kenapa sya sudah tdak berlanggan masih dipotong woi;;
masuk kenapa nonton dikeluarin muncul teks terlalu banyak menonton padahal sudah nonton tadi nonstop nama adilp;;
guna;;
sangat bagus;Positif;
sangat nyam minim jeda ikl pengalam menonton kekurangan hanya film tersedia cenderung tak lengkap terkadang satu series film sudah tak tayang film seringkali ngefreeze mengurangi rasa senang;;
daftar anjir;;
buruk;;
gimana masa banyak film gaada padahal nonton the nun the conjuring willy wonka the chocolate lain lain sudah bayar masa kaya gini;;
buruk sudah uninstal;;
berbahaya sekali sistem sekarang sudah melaku tinda pembatal keanggota demi menghindari tagih bulan katta sistem sudah berhenti knapa diakhir tanggal saldo dana tetap dipotong smpe belanja kebutuh anak2 memutus menghapus secra permanen kalu juga bawa ranah hukum;;
pake vpn ato wifi pake data seluler notifikasi bahwa pake vpn nonton drama favorit tiba tiba judul drama favorit hilang padahal bayar gratis;;
jelas sudah beli masak salin link salin link;;
simple mudah;Positif;
tadi coba login buat baru selalu selalu diarah pembeli auto delete kalau;;
the movie good just seems like sometimes the movie stops for about seconds only the sound there and where the anime ranking kings like that anime and want watch again but not there wasn there one before;;
jelas pendaftar susah pake salin link masuk;;
kesel kadang tiba2 film ditonton suka ilang dicari judul muncul aneh padahal marathon anime tiba2 ilang film gaada pencari;;
ribet login;;
ampun tai gagal server juga sama;;
padahal sudah bayar bulan nonton;;
bagus;Positif;
jelek padahal login perangkat masak download kata perangkat download;;
infinite castle sia sia beli;;
loading begitu lama membuat kesal ngabisin waktu;;
ingin batal dana terhubung karna selalu mencuri saldo dana tanpa konfirmasi padahal pernah membeli bah menonton netflik;;
daftar bingung soal harus isi kata sandi maksud sudah isi kata sandi juga sama sekali;;
ter ribet sejagad raya;;
nda jelas nda berhenti untul berlangg nda login;;
bagus sekali menurut cocok;Positif;
buka;;
tiba tiba akses padahal game terhubung masih dimain sinyal juga bagus sudah coba mulai ulang uninstal instal ulang masih belum bagaimana solusi;;
gila daftar susah sudah daftar sudah bayar tiba keluar login pasword sudah malah masuk keterang sudah banyak upaya masuk gilak apk tolol;;
gabisa login lang pertama salin link terus buka link lewat chrome disitu baru muncul opsi kalau maih bingung lihat tutorial youtube;;
film tonton tiba2 ilang pencari juga muncul;;
kesel sama baru kecewa payment sudah masuk nonton ngambil balikin saldo gua metode pembayara muter muter;;
gilira login sistem sibuk aneh;;
sudah langgan error login kecewa sama buang buang uang sudah langgan mahal error nyesel pake;;
anime anime rame ilang kya one piece kaiju server indo pake sever jepang baru kluar subtitle indo;;
live;;
apk sussah kali masuk dontload nanti nyesal;;
iloveyou;;
susah kali padahal sudah benar semua malah gabisa masuk;;
error banyak drakor hilang;;
lemot daftar juga lama;;
sete drama sudah setengah tonton malah hilang akses;;
masuk;;
zyirizal netfelil fonlokok;;
banyak pilih film bagus murah;Positif;
pake;;
download gta san definitif;;
daftar tonton hilang semua kenapa padahal bayar mahal film tonton daftar semua hilang;;
setiap nonton terjadi error sudah file game gbsa bagus;;
bagus;Positif;
sudah bayar 65ribu lewat shope pay saldo sudah terdebet kenapa masih ditangguh alas masa pembayar hilang uang 65ribu sial jelas balikin uang;;
permudah pendaftaran ribet amat perkara daftar bayar padahal kolom sudah keisi semua saldo sudah lebihin juga males;;
capek anj jelas setiap pembay baru selalu keterang dompet digital telah diguna lain kocak tertaut dompet digital bayar masak setiap bayar langgan harus perbarui metode pembayar ribet anj;;
kenapa semua film putar sudah bayar lama kelama gini jelas mending pindah sebe;;
ubah sangat ribet;;
apk miskin sudah bayar langgan gabisa dibuka terus saldo berkurang setiap padahal sudah gabisa pake hati hati download;;
sangat memuas;Positif;
bayar pakai ovo susah minta amp;;
zat dapat donna;;
bgus bnget ksih lima bintang;Positif;
vidio sudah download gabisa play;;
login susah membuat emosi;;
susah msuk sudah daftar segala macam ttap mntak msu sandi;;
akses login menyulit;;
padahal sudah bayar saldo sudah terpotong tpgak log gimana;;
bagus nonton squid game menurut rekomendasi lengkap semua film;Positif;
ganggu yerus padahal wifi baik2;;
login;;
perbaiki daftar susah;;
kenapa sama sama;;
kenapa film sukai semua menghilang seperti demon slayer sakamoto days;;
ribet ama nonton film lokal dipersulit pendaftar sudah membuat ribet;;
bgai ktnya pmbyran september akhir malah minta waktu;;
bermasa diputer film padahal sudah segala cara buka lain lancar;;
best;Positif;
sudah login google knpa masuk kira google salah perbaiki gabisa bkin google knpa jawab;;
streaming terbaik;Positif;
sudah donwnload sudah langgan tonto rugi;;
seru sudah download berlanggan saldo malah potong;;
emang kalau login harus berbayar jelas;;
film bagus bagus customer service top barus baru sadar bahwa kedebet otomatis padahal sudah batal sebelum pembayar lain direfund terima kasih banyak atas profesionalitas kedepan kalau kesempat pakai;Positif;
apk penipu gua sudah batalin langgan masa otomatis bayar anjg gua balikin tai apk haram ajg;;
jelek jelas kecewa uda kalong guna kecewa kapok;;
kenapa keterang pembayar lunas gmail sedang saldo sudah potong;;
mengutama kenyaman pelangg hanya karna qris dibuat oleh china maka netflik pake;;
sumpah parah notifikasi banyak pakai padahal pakai sama sekali;;
perangkat dioperasi;;
bantu saldo sudah terpotong belum juga bergabung;;
terjadi kesalah saat memutar video;;
muter2 pakai;;
daftar ribet padahal langgan;;
jelas harus pake sandi pake dateng buat nonton buk cari masa ayo usah pake sandi segala penting tau terus kalau lupa membuat mending kasih bintang kalau;;
jelek;;
kenapa dapat unduh selalu tertunda terus;;
halo admin tingkatin kualitas film perbanyak film film baru masa bayar dapatin sesuai sama bayar lama nunggu film terimakasi;;
tonton pake data wifi memuat terus masa cum nonton trailer jelek;;
kurangajar memotong saldo tanpa persetuju custumer perjanji langgan;;
ngelag gimana;;
terbaik;Positif;
asli parah sumpah daftar harus bayar kaga ngotak kek pemeras semua harus bayar sudah nnton kadang lag kacau emak apk zam sekarang;;
bagus;Positif;
bayar saldo terpotong pembayar tertunda nonton nunggu maksimal jam;;
sudah membership malah ngambil;;
rempong skli daftar harus bayar pula;;
busuk susah diguna;;
perbaru episode lama kaya lain apk lain sudah episode baru sinih mah lama jarak tayang sama lain;;
bagus eror;;
gabisa nonton lelet;;
tiba2 film exclusive hilang cari padahal produksi netfix juga tau bug sudah langgan juga membuat kesel;;
kenapa sekarang kompatible perangkat proyektor awal semula didukung sekarang padahal udahlanggan;;
bagus kartun kartun;Positif;
uwow;;
apk kalau semisal tugas dosen juga bakal ogah buat download apk keluar sndri sudah masuk kalau masuk harus ganti katasandi diganti terus opsi pakai sudah malah masuk apk ngelawak kah pantes rate turun drastis;;
keren;Positif;
masuk ribet auto unistal pengen nonton susah;;
sangat baik;Positif;
kenapa berbagi layar dasar pelit;;
susah masuk kedalam;;
masuk sama sekali;;
sangat bagus cepat banyak pilih film nanya muncul demon slayer infinity castle semoga muncul;Positif;
masa daftar uda masukin gabisa lanjut tulisanny maaf terjadi kesalah kesalah daftar kesalah;;
kembali tampil sebelum;;
dibuka bagus apk nape kaga dibuka;;
diperbaiki kenapa smart susah buka;;
terbaik;Positif;
seru nonton film agar nonton baja kenapa setiap nonton loading lama pake percuma uda bayar buat berlanggan ditonton padahal kuota wifi;;
tiba tiba tanggal agustus nonton dungeon meshi jam tiba tiba film gada gabisa putar beberapa anime tonton tiba tiba gada padahal nonton keluar bentar masuk gada aneh emang ngeselin padahal dikit kelar;;
subtitle indo jauh arti sebenar bahasa jepang buat subtitle dikorupsi gimana;;
kenapa sudah berlanggan masukin maksud kata tak terdaftar harus pake percuma;;
jelas tau tau keluar masuk padahal langgan setiap pemakai pribadi;;
warna setiaw;;
bagus banyak film;Positif;
sekarang error;;
film kurang lengkap contoh the raid redemption1 boyka undisputed juga tambah kalau biar belum vvip melihat isi terlebih dahulu sebelum harus membeli vvip agar melihat isi film dicari cari meminimalisir pengeluar;;
film naruto suka ilang ilang min gimana;;
fully entertaint lot choice movie documenter and other channel;;
dibantu kenapa bayar pakai ovo keterang sudah terhubung lain padahal selama bayar langgan bulan selalu pakai ova nomor sama;;
keren;Positif;
sudah dipotong uang masuk terjadi kesalah terus;;
bah buat;;
daftar susah payah;;
baru daftar baru minggu pakai kenapa nonton bilang harus bayar bagaimana kah;;
gobs lalajo kudu aya kouta unggal potong wae strees;;
good;Positif;
gimana cara daftar ribet padahal sudah selesai malah balikin menu awal film menurut paling ribet bandingin film lain jelas cara daftar benar;;
hapus memori kebanya;;
dibantu langgan kenapa masuk dengam tau jelek sekarang pokok buruk sekali;;
film horror sedikit sekalai;;
banyak anime season tertunda film wednesday season pernah lengkap sekarang lengkap payah;;
sudah langgan menonton film;;
sekarang bagus kali ganggu menjangkau layan;;
persulit sekali saat ingin mncoba login;;
ampas macem abal abal gini menyesal belik kualitas film gabisa setting sendiri film bnyak kurang kalau nonton episode bnyak ribet carik astaga itung sede;;
bilang mending ganti error terus bilang burik juga berapa monitor pantes burik kalau masih keliat gtu ngerti soso koar koar;;
kasih bintang dulu;;
bantu kenapa ditayang selalu memutar film jal bagus bagus;;
ratus masuk netflik daptar dibuat sulit alas sandi salah salah bnyak bacot;;
anime banyak hapus;;
jelas sudah punya bsa masuk salah salah ribet;;
teribet;;
bagus buat hibur;Positif;
parah sudah langgan ternyata baru episode drakor sudah buka kaaco buang;;
login sudah gmail sama salah;;
seminggu sudah dipake tiba2 balik lama history nonton lama history drama baru ditonton kete kalau dicari buat nonton serial lain juga episode keluar kalau segera buk gretong;;
rencana membuat mahasiswa kah;;
sya cukup lama berlangg neflik lama2 sya bosen pilm itu2 monoton kebanyakn drakor coba pilm movie kurang komplit jdi sya berhenti;;
sudah dftar membayar bug sesuai ekspetasi pula;;
masuk netflik;;
saldo kepotong sendiri padahal baru download gaada konfirmasi ngeselim lemot minta ampun;;
putar film aneh buruk sudah mash;;
masa harus restart nonton;;
ribet amat buat masuk;;
mohon perbaiki masa teknis loading sebelum menonton selalu delay memuat disemua film cek pengguna pernah masa lemah dirumah semua stabil mohon pihak memperbaiki masa tersebut membuat pengguna resah terimakasih berharap perubah lebih baik;;
hai min nanya padahal pakai vpn kena vpn sudah cari cari kete vpnya tadi kek min soal;;
kasi reting tinggi kali liat pendaftar aneh;;
jelas padahal sudah kasih masuk benar bilang menemu alamat jelas jelas sudah benar tolol jelas buat buat kalau dipakai nonton hapus play store jelas;;
coba dulu;;
taik daftar sandi salah busuk;;
kenapa susah kali masuk nyesel donlawd hapus;;
good jobs;;
best;;
kadang keluar sendiri terus tiba tiba masukin jelas;;
dibuka harus bolak balik instal uninstal;;
bayar sekali belum juga nonton sudah pandu buat restart alhasil data pembayar hilang disuruh login bayar nonton kalau dana dikembali setidak sistem diperbaiki kali bayar gabisa akhir kuhapus;;
sudah bayar saldo sudah kepotong kenapa nonton;;
setiap nonton episode keluar terus berasa nonton baja padahal bayar;;
seperti anda terhubung mengguna vpn bla bla bla padahal anjir tonton langsung ilang;;
sangat bagus menonton drama drama suka semua disini apalgi drama korea sangat lengkap sini kualitas juga baguus the best pokok;;
kurang kumaha alus lemot;;
apk jore patut;;
kasih fitur mengganti kualitas secara manual provide feature change the quality manually;;
memuat hari bayar fungsi;;
good luck;;
stupid logout sendiri padahal sandi sudah benar;;
sangat jelek;;
daftar susah anzing;;
terbuka;;
eror jelas tiba buka padahal sudah langgan perbaiki;;
uninstal bgmna gooplaystore beresin payyaah;;
dapat menonton beberapa film aneh sekali;;
makin kesini makin bagus tiba suka keluar sendiri tengah nnton sudah coba masuk riwayat tonton sudah pasien search pencari juga kesel;;
login ribet;;
kalau niat membuat buat;;
butut untung;;
bagus;Positif;
overal sudah ditengah video freeze screen adegan terlewat sudah coba nonton film lain pun sama seperti padahal internet samsung segera perbaiki;;
gua kenapa jir masa riwayat tonton ilang tinggal film sama movie dicari juga belum selesai nonton anime;;
abis dibayar malah bilang pembayar bermasa;;
sekarang suara selain dialog mengganggu;;
apk error2;;
masa terus menerus padahal baik data;;
kasih buk karna tetapi sebab pelayan servis memukau satset langsung kelar masa puas terima kasih;;
buffring nonton padahal lancar perbaiki;;
tagih sudah bayar sudah kemarin kenapa film diputar suka bintang satu kah;;
pengalam bagus waktu ngebagiin kaya dulu;;
bagus pdhal sudah hapus apl masih notifikasi bertransaksi uang diapl dana sudah dikirim pdhal sudah berlanggan apl sudah dicopot masih keambil dasar nonton pernah disruh bertransaksi;Positif;
saat login masuk sudah masuk nomor telepon masih kirim juga kesal;;
bagus suka nonton;Positif;
ribet syarat masukny gagal terus lagih aneh;;
jelas nie bayar tanggal nie baru tanggal sudah bayar memang biadap seharus tanggal juga buk tnggal babi;;
good;;
sebel bget upgrade baru coba grade bisa2 pdahal memori sangat2 mendukung sperti harus hijrah innya;;
makin jelek sudah akses beberapa perangkat seperti dulu sudah terputar perangkat lain;;
sedikit pengalam gua awal download apl aman sehabis transaksi gua sukses terkirim apl malah eror nentu gua kena tipu hubungin gua pihak apl pake uang kirim gmna;;
apk bagus buat nonton film masalah gimana cara login;;
sangat bagus buat nonton film sangat banyak menghibur bagus barang bro;Positif;
bad gabisa masuk kalau harus beli dulu baru buka apk makin ribet bad beda sama dulu sekarang malah lebih jelek;;
hai masu buat one piece dilengkapin episode keatas langsung episode ribu;;
rusak diih kocak masa orng nonton tiba jdi kaya kaset kusut kocak kocak sia berlanggan berlanggan terakhir bos next gaa pernah;;
buka hari knapa kesekiam kali akses;;
perbaiki kalau login incor malu;;
kenapa dapat terhubung dengsn padahal selalu bayar tepat waktu;;
like;;
gabisa login padahal sudah bayar;;
sudah mahal susah;;
kenapa beberapa hari mauk login dapat terhubung terus buata langgan nonton parah;;
moso nonton terhubung terus ngerjain agar bayar nonton;;
sudah tahun pake pernah bermasa eror jelas;;
dibuka applikasi browser laptop bayar mahal bsa dipke kocak kocak;;
susah daftar;;
good;;
sinyal hanya bagus wifi namun dapat neflik saat mengguna data kasih bintang menemu solusi harus mengguna sinyal wifi;;
masuk eror keluar notifikasi coba sudah berlangsung satu minggu sudah laku reset sudah dilaku uninstal instal;;
tampil lanscape mendapat ful screen masi layar hitam sisi kiri ponsel;;
sedang masalah masuk padahal mumpung libur nonton;;
masa;;
kenapa netflik eror kata pake vpn padahal pernah pake;;
sekarang kenapa keluar notifikasi dapat terhubung terus sete dipake kalau habis restart juga sete nonton beberapa film balik notifikasi sebelum;;
sudah berlanggan film diputar alas vpn pernah pakai vpn;;
neflix error terjadi kesalah donk server perbaikin uda langgan kalau tonton rugi;;
error bsa masuk sampah;;
buat pihak sudah berlanggan saldo shoppey berkurang kembali uang;;
jelek;;
terlalu banyak drakor padahal semua orang pengen nonton drakor susah nyari2 drama2 negara lain home selalu ketutup sama judul drakor berderet2 membuat eneg;;
apk penipu sudah stop langgan masih kena potong;;
sebelum sudah bagus sete malah banyak film series hilang searching aneh;;
masuk appk lol;;
gento;;
top;;
punya keterangan terhubung terus;;
susah masuk error terus padahal pakai gawai lain sama oke2;;
jelek;;
sumpah sudah berlanggan eror membuat kesel;;
baru abis diupdate gabisa masuk sudah restart jga masih gabisa reinstal login ulang terjangkau halah pen nonton ribet amat;;
disuruh sudah masuk keluar padahal baru perpanjang keanggota;;
wahai pemilik komen sini buk ingin mengkritik ingin meminta hadir kembali kartun shimmer and shine season sangat memohon anda semoga anda membaca;;
apk jelas cari pencari malah kete film cari;;
parah buka padahal sudah bayar perpanjang merasa dirugi sangat sudah ikutin atur hapus data sekarang malah eror masuk mencuri uang nama;;
pindah samsung poco kenapa history tontonan berbeda pilih film pun berbeda melanjut tonton sebelum samsung;;
sudah kamis agustus net flix terbuka kata terhubung sudah setiap sebelum jatuh tempo emai masih sama terbaru memori internet hello kenapa membuat kecewa;;
jelas kek baikin baek sudah gonta ganti masuk karna valid asli jelas tutup sudah;;
kenapa log tiba log out baru payment langgan;;
keluar sendiri malah login;;
sudah kepotong login ngadu help center jawaba bot semua cacat;;
juga seru tak tahu cara;;
padahal koneksi aman tetapi kenapa dapat terhubung terus menyedih;;
coba sudah sinch the movie tambah juga series pasti lucu;;
kenapa diakses sudah hari muncul tulis dapat menjangkau;;
kacau;;
banyak episode kurang contoh one piece nonton ampe episode terus tiba tiba langsung lompat arc;;
susah login;;
abis kenapa;;
seru;;
kenapa selalu muncul dapat terhubung neflix padahal langgan aktif;;
napa nonton tulis kira pake vpn padahal sinyal lancar lancar coba hapus download log baru 2hari langgan hadueh;;
sudah 2hari diguna tulis error berjal tauk;;
sudah bayar masuk sampah hapus plystore penipu;;
kenapa film anime drakor banyak hilang bah masih going continue watching juga ilang login gagal terus info error kenapa;;
terhubung;;
sangat dapat menghibur hari hari keluarga;;
eror masuk terus film kadang suka hilang;;
masa terhubung padahal sudah diperpanjang;;
masuk daftar;;
kesalah sudah bayar juga tetap salah;;
film sedang ditonton tau tau hilang payah error;;
banyak ilang pdhal baru kemarin bayar baru ilang semua aneh pdhal sudah lama pke baru ngeseliin membuat fak mood sma;;
beberapakali download televisi buka hanya kemuadi tulis eror payah;;
daftar ful via browser hari instal apk login menghubungi pusat bantu solusi menghubungi nomor cal center bahasa indonesia sudah bayar nonton pelayan customer care jelas tanggap;;
bad guys dua demon slayer infynity castle belum;;
banyak masa masuk terus harus nunggu nanti mending hapus artiker pusat bantu juga kaya menyelesai masa;;
pembaru malah login;;
kecewa berat ngak kumplit suka telat rilis anime baru baik episode anime baru mending nonton baja kalau;;
kenapa susah login;;
bagus masa tiba dapat terhubung sudah upgrade sampai restart masih dapat terhubung padahal;;
mendaftar pakai sama disaat login diguna mnta perbarui sandi ste diperbarui sudah bayar diguna;;
minta refund uang sudah langgan masuk eror terus padahal sinyal bagus aneh;;
sudah berlanggan baru hari tiba tiba dapat connect coba contact disuruh coba hapus penyimpan setting namun ketika dicoba login kembali malah selalu terjadi kesalah coba juga gimana;;
bingung pendaftaran disuruh bayar dulu cok padahal periksa dulu isi;;
buruk;;
dapat terhubung;;
